{
  "holdout_roc_auc": 0.7095959595959596,
  "holdout_pr_auc": 0.34460211243151784,
  "holdout_brier": 0.09641695514403585
}