{
  "val_roc_auc": 0.5508236239453596,
  "val_pr_auc": 0.1607237436308279,
  "val_brier": 0.11432230566165939
}