{
  "holdout_roc_auc": 0.7185987099081256,
  "holdout_pr_auc": 0.4957820750022018,
  "holdout_brier": 0.14628983801696893
}