{
  "val_roc_auc": 0.7138944365192581,
  "val_pr_auc": 0.5025301097180916,
  "val_brier": 0.1458490233492296
}