{
  "val_roc_auc": 0.744105405773518,
  "val_pr_auc": 0.5094094393170205,
  "val_brier": 0.1420691932102032
}